objectid,case_num,case_name,cleaned_event,cleaned_where,type,status,start_date,start_time,start_dt,end_date,end_time,end_dt,loc_desc,cnn,street,from_st,to_st,direction,veh_imp,info,start_utc,end_utc,shape,data_as_of,data_loaded_at,created_date,last_edited_date
15533267,1369380,Trick or Treat - Avila Street,Trick or Treat on Avila Street,Avila Street between Chestnut and Prado streets,Special Event,Permitted,Oct. 31,4:00 PM,2025/10/31 04:00:00 PM,2025/10/31,9:00 PM,2025/10/31 09:00:00 PM,AVILA ST between CHESTNUT ST and PRADO ST,2567000,AVILA ST,CHESTNUT ST,ALHAMBRA ST,both,all-lanes-closed,,2025/10/31 11:00:00 PM,2025/11/01 04:00:00 AM,"LINESTRING (-122.440309605 37.800301008, -122.440508602 37.801281321)",2025/10/28 12:01:50 AM,2025/10/28 01:06:37 PM,2025/10/28 12:01:50 AM,2025/10/28 12:01:50 AM
15533839,1285746,Chenery Halloween 2025,Chenery Halloween 2025,Chenery Street between Elk and Diamond streets,Special Event,Permitted,Oct. 31,4:00 PM,2025/10/31 04:00:00 PM,2025/10/31,9:30 PM,2025/10/31 09:30:00 PM,CHENERY ST between ELK ST and DIAMOND ST,3928000,CHENERY ST,THOR AVE,BROMPTON AVE,both,all-lanes-closed,,2025/10/31 11:00:00 PM,2025/11/01 04:30:00 AM,"LINESTRING (-122.43430354 37.734528942, -122.434714699 37.734617324)",2025/10/28 12:01:50 AM,2025/10/28 01:06:37 PM,2025/10/28 12:01:50 AM,2025/10/28 12:01:50 AM
15533877,1254240,Halloween on Cortland,Halloween on Cortland,Ellsworth Street between Cortland and Eugenia avenues,Special Event,Permitted,Oct. 31,4:30 PM,2025/10/31 04:30:00 PM,2025/10/31,8:30 PM,2025/10/31 08:30:00 PM,ELLSWORTH ST between CORTLAND AVE and EUGENIA AVE,5196000,ELLSWORTH ST,EUGENIA AVE,CORTLAND AVE,undefined,all-lanes-closed,,2025/10/31 11:30:00 PM,2025/11/01 03:30:00 AM,"LINESTRING (-122.41454562 37.740346878, -122.414661038 37.738942958, -122.414558859 37.738881489)",2025/10/28 12:01:50 AM,2025/10/28 01:06:37 PM,2025/10/28 12:01:50 AM,2025/10/28 12:01:50 AM
15534332,1308605,Waller St Halloween,Waller Street Halloween,Waller Street between Steiner and Scott streets,Special Event,Permitted,Oct. 31,5:00 PM,2025/10/31 05:00:00 PM,2025/10/31,9:00 PM,2025/10/31 09:00:00 PM,WALLER ST between STEINER ST and SCOTT ST,13363000,WALLER ST,STEINER ST,POTOMAC ST,both,all-lanes-closed,,2025/11/01 12:00:00 AM,2025/11/01 04:00:00 AM,"LINESTRING (-122.431904325 37.770964427, -122.432717263 37.770860911)",2025/10/28 12:01:50 AM,2025/10/28 01:06:37 PM,2025/10/28 12:01:50 AM,2025/10/28 12:01:50 AM
15534875,1348088,Block Party - Howlladay Haunt,Howlladay Haunt Block Party,Holladay Avenue between Peralta Avenue and Wright Street,Special Event,Permitted,Oct. 31,4:00 PM,2025/10/31 04:00:00 PM,2025/10/31,9:00 PM,2025/10/31 09:00:00 PM,HOLLADAY AVE between PERALTA AVE and WRIGHT ST,6943101,HOLLADAY AVE,PERALTA AVE,EVE ST,undefined,some-lanes-closed,,2025/10/31 11:00:00 PM,2025/11/01 04:00:00 AM,"LINESTRING (-122.404937275 37.748222726, -122.404896496 37.748152887, -122.404991736 37.747600341)",2025/10/28 12:01:50 AM,2025/10/28 01:06:37 PM,2025/10/28 12:01:50 AM,2025/10/28 12:01:50 AM
15536176,1335260,Castro Night Market October - Halloween,Castro Halloween Night Market,18th Street between Collingwood and Diamond streets,Special Event,Permitted,Oct. 31,11:00 AM,2025/10/31 11:00:00 AM,2025/10/31,11:59 PM,2025/10/31 11:59:00 PM,18TH ST between COLLINGWOOD ST and DIAMOND ST,893000,18TH ST,COLLINGWOOD ST,DIAMOND ST,both,all-lanes-closed,,2025/10/31 06:00:00 PM,2025/11/01 06:59:00 AM,"LINESTRING (-122.436114108 37.760823995, -122.437190627 37.760758108)",2025/10/28 12:01:50 AM,2025/10/28 01:06:37 PM,2025/10/28 12:01:50 AM,2025/10/28 12:01:50 AM
15536373,1335260,Castro Night Market October - Halloween,Castro Halloween Night Market,18th Street between Castro and Collingwood streets,Special Event,Permitted,Oct. 31,11:00 AM,2025/10/31 11:00:00 AM,2025/10/31,11:59 PM,2025/10/31 11:59:00 PM,18TH ST between CASTRO ST and COLLINGWOOD ST,892000,18TH ST,CASTRO ST,COLLINGWOOD ST,both,all-lanes-closed,,2025/10/31 06:00:00 PM,2025/11/01 06:59:00 AM,"LINESTRING (-122.435000702 37.760888933, -122.436114108 37.760823995)",2025/10/28 12:01:50 AM,2025/10/28 01:06:37 PM,2025/10/28 12:01:50 AM,2025/10/28 12:01:50 AM
15537134,1358956,Block Party - 36th Ave Trick or Treat Birthday,36th Ave Trick or Treat Birthday Block Party,36th Avenue between Rivera and Quintara streets,Special Event,Permitted,Oct. 31,3:00 PM,2025/10/31 03:00:00 PM,2025/10/31,9:00 PM,2025/10/31 09:00:00 PM,36TH AVE between RIVERA ST and QUINTARA ST,1811000,36TH AVE,QUINTARA ST,RIVERA ST,both,all-lanes-closed,,2025/10/31 10:00:00 PM,2025/11/01 04:00:00 AM,"LINESTRING (-122.494297081 37.747840997, -122.494166942 37.745975372)",2025/10/28 12:01:50 AM,2025/10/28 01:06:37 PM,2025/10/28 12:01:50 AM,2025/10/28 12:01:50 AM
15537621,1285746,Chenery Halloween 2025,Chenery Halloween 2025,Chenery Street between Elk and Diamond streets,Special Event,Permitted,Oct. 31,4:00 PM,2025/10/31 04:00:00 PM,2025/10/31,9:30 PM,2025/10/31 09:30:00 PM,CHENERY ST between ELK ST and DIAMOND ST,3930000,CHENERY ST,LIPPARD AVE,CHILTON AVE,both,all-lanes-closed,,2025/10/31 11:00:00 PM,2025/11/01 04:30:00 AM,"LINESTRING (-122.435550525 37.734796986, -122.435821614 37.734853411, -122.436399821 37.734909712)",2025/10/28 12:01:50 AM,2025/10/28 01:06:37 PM,2025/10/28 12:01:50 AM,2025/10/28 12:01:50 AM
15537647,1254240,Halloween on Cortland,Halloween on Cortland,Cortland Avenue between Bennington and Gates streets,Special Event,Permitted,Oct. 31,4:30 PM,2025/10/31 04:30:00 PM,2025/10/31,8:30 PM,2025/10/31 08:30:00 PM,CORTLAND AVE between BENNINGTON ST and GATES ST,4426000,CORTLAND AVE,ANDOVER ST,MOULTRIE ST,both,all-lanes-closed,,2025/10/31 11:30:00 PM,2025/11/01 03:30:00 AM,"LINESTRING (-122.416519599 37.739061699, -122.41589948 37.73900187)",2025/10/28 12:01:50 AM,2025/10/28 01:06:37 PM,2025/10/28 12:01:50 AM,2025/10/28 12:01:50 AM
15537942,1308605,Waller St Halloween,Waller Street Halloween,Pierce Street between Haight Street and Start: 1-99 block,Special Event,Permitted,Oct. 31,5:00 PM,2025/10/31 05:00:00 PM,2025/10/31,9:00 PM,2025/10/31 09:00:00 PM,PIERCE ST between HAIGHT ST and START: 1-99 BLOCK,10417000,PIERCE ST,START: 1-99 BLOCK,WALLER ST,both,all-lanes-closed,,2025/11/01 12:00:00 AM,2025/11/01 04:00:00 AM,"LINESTRING (-122.433355765 37.769803357, -122.43354716 37.770755232)",2025/10/28 12:01:50 AM,2025/10/28 01:06:37 PM,2025/10/28 12:01:50 AM,2025/10/28 12:01:50 AM
15538122,1254240,Halloween on Cortland,Halloween on Cortland,Anderson Street between Eugenia and Jarboe Avenue,Special Event,Permitted,Oct. 31,4:30 PM,2025/10/31 04:30:00 PM,2025/10/31,8:30 PM,2025/10/31 08:30:00 PM,ANDERSON ST between EUGENIA AVE and JARBOE AVE,2270000,ANDERSON ST,CORTLAND AVE,JARBOE AVE,undefined,all-lanes-closed,,2025/10/31 11:30:00 PM,2025/11/01 03:30:00 AM,"LINESTRING (-122.415183627 37.738932913, -122.415224876 37.738417867)",2025/10/28 12:01:50 AM,2025/10/28 01:06:37 PM,2025/10/28 12:01:50 AM,2025/10/28 12:01:50 AM
15538959,1370416,Nightmare on Front Street,Nightmare on Front Street,Front Street between Sacramento and California streets,Special Event,Permitted,Oct. 31,12:00 PM,2025/10/31 12:00:00 PM,2025/11/01,1:00 AM,2025/11/01 01:00:00 AM,FRONT ST between SACRAMENTO ST and CALIFORNIA ST,5870000,FRONT ST,HALLECK ST,SACRAMENTO ST,undefined,all-lanes-closed,,2025/10/31 07:00:00 PM,2025/11/01 08:00:00 AM,"LINESTRING (-122.398880419 37.793843681, -122.398970254 37.794284416)",2025/10/28 12:01:50 AM,2025/10/28 01:06:37 PM,2025/10/28 12:01:50 AM,2025/10/28 12:01:50 AM
15539183,1357369,Spooky Garden Reverie,Spooky Garden Reverie,Burrows Street between Start: 1-99 block and San Bruno Avenue,Special Event,Permitted,Oct. 31,8:00 AM,2025/10/31 08:00:00 AM,2025/10/31,9:00 PM,2025/10/31 09:00:00 PM,BURROWS ST between START: 1-99 BLOCK and SAN BRUNO AVE,3404000,BURROWS ST,START: 1-99 BLOCK,SAN BRUNO AVE,both,all-lanes-closed,,2025/10/31 03:00:00 PM,2025/11/01 04:00:00 AM,"LINESTRING (-122.403683059 37.728944274, -122.404099703 37.728834999)",2025/10/28 12:01:50 AM,2025/10/28 01:06:37 PM,2025/10/28 12:01:50 AM,2025/10/28 12:01:50 AM
15539196,1313253,Jordan Park Halloween,Jordan Park Halloween,Jordan Avenue between California Street and Euclid Avenue,Special Event,Permitted,Oct. 31,4:00 PM,2025/10/31 04:00:00 PM,2025/10/31,10:00 PM,2025/10/31 10:00:00 PM,JORDAN AVE between CALIFORNIA ST and EUCLID AVE,7616000,JORDAN AVE,CALIFORNIA ST,EUCLID AVE,both,all-lanes-closed,,2025/10/31 11:00:00 PM,2025/11/01 05:00:00 AM,"LINESTRING (-122.456963372 37.785963787, -122.45681322 37.783928912)",2025/10/28 12:01:50 AM,2025/10/28 01:06:37 PM,2025/10/28 12:01:50 AM,2025/10/28 12:01:50 AM
15539898,1364959,Trick or Treat - Belvedere,Trick or Treat on Belvedere,Belvedere Street between 17th Street and Parnassus Avenue,Special Event,Permitted,Oct. 31,4:00 PM,2025/10/31 04:00:00 PM,2025/10/31,10:00 PM,2025/10/31 10:00:00 PM,BELVEDERE ST between 17TH ST and PARNASSUS AVE,2910000,BELVEDERE ST,PARNASSUS AVE,GRATTAN ST,both,all-lanes-closed,,2025/10/31 11:00:00 PM,2025/11/01 05:00:00 AM,"LINESTRING (-122.448440976 37.765035908, -122.448273953 37.764196132)",2025/10/28 12:01:50 AM,2025/10/28 01:06:37 PM,2025/10/28 12:01:50 AM,2025/10/28 12:01:50 AM
15540184,1285746,Chenery Halloween 2025,Chenery Halloween 2025,Chenery Street between Elk and Diamond streets,Special Event,Permitted,Oct. 31,4:00 PM,2025/10/31 04:00:00 PM,2025/10/31,9:30 PM,2025/10/31 09:30:00 PM,CHENERY ST between ELK ST and DIAMOND ST,3933000,CHENERY ST,SURREY ST,ELK ST,both,all-lanes-closed,,2025/10/31 11:00:00 PM,2025/11/01 04:30:00 AM,"LINESTRING (-122.439722506 37.735886042, -122.438821245 37.735669449)",2025/10/28 12:01:50 AM,2025/10/28 01:06:37 PM,2025/10/28 12:01:50 AM,2025/10/28 12:01:50 AM
15540730,1336287,Trick or Treat - Fair Oaks,Trick or Treat on Fair Oaks,Fair Oaks Street between 24th and 25th streets,Special Event,Permitted,Oct. 31,5:00 PM,2025/10/31 05:00:00 PM,2025/10/31,8:30 PM,2025/10/31 08:30:00 PM,FAIR OAKS ST between 24TH ST and 25TH ST,5384000,FAIR OAKS ST,24TH ST,25TH ST,both,all-lanes-closed,,2025/11/01 12:00:00 AM,2025/11/01 03:30:00 AM,"LINESTRING (-122.423988398 37.751911295, -122.423829852 37.750304483)",2025/10/28 12:01:50 AM,2025/10/28 01:06:37 PM,2025/10/28 12:01:50 AM,2025/10/28 12:01:50 AM
15541005,1285746,Chenery Halloween 2025,Chenery Halloween 2025,Chenery Street between Elk and Diamond streets,Special Event,Permitted,Oct. 31,4:00 PM,2025/10/31 04:00:00 PM,2025/10/31,9:30 PM,2025/10/31 09:30:00 PM,CHENERY ST between ELK ST and DIAMOND ST,3929000,CHENERY ST,BROMPTON AVE,LIPPARD AVE,both,all-lanes-closed,,2025/10/31 11:00:00 PM,2025/11/01 04:30:00 AM,"LINESTRING (-122.434714699 37.734617324, -122.435550525 37.734796986)",2025/10/28 12:01:50 AM,2025/10/28 01:06:37 PM,2025/10/28 12:01:50 AM,2025/10/28 12:01:50 AM
15541049,1370416,Nightmare on Front Street,Nightmare on Front Street,Front Street between Sacramento and California streets,Special Event,Permitted,Oct. 31,12:00 PM,2025/10/31 12:00:00 PM,2025/11/01,1:00 AM,2025/11/01 01:00:00 AM,FRONT ST between SACRAMENTO ST and CALIFORNIA ST,5869000,FRONT ST,CALIFORNIA ST,HALLECK ST,undefined,all-lanes-closed,,2025/10/31 07:00:00 PM,2025/11/01 08:00:00 AM,"LINESTRING (-122.398781647 37.7933591, -122.398880419 37.793843681)",2025/10/28 12:01:50 AM,2025/10/28 01:06:37 PM,2025/10/28 12:01:50 AM,2025/10/28 12:01:50 AM
15541528,1348088,Block Party - Howlladay Haunt,Howlladay Haunt Block Party,Holladay Avenue between Peralta Avenue and Wright Street,Special Event,Permitted,Oct. 31,4:00 PM,2025/10/31 04:00:00 PM,2025/10/31,9:00 PM,2025/10/31 09:00:00 PM,HOLLADAY AVE between PERALTA AVE and WRIGHT ST,6943201,HOLLADAY AVE,PERALTA AVE,WRIGHT ST,undefined,some-lanes-closed,,2025/10/31 11:00:00 PM,2025/11/01 04:00:00 AM,"LINESTRING (-122.404937275 37.748222726, -122.404968033 37.748155169, -122.405101357 37.747366312)",2025/10/28 12:01:50 AM,2025/10/28 01:06:37 PM,2025/10/28 12:01:50 AM,2025/10/28 12:01:50 AM
15541890,1364959,Trick or Treat - Belvedere,Trick or Treat on Belvedere,Belvedere Street between 17th Street and Parnassus Avenue,Special Event,Permitted,Oct. 31,4:00 PM,2025/10/31 04:00:00 PM,2025/10/31,10:00 PM,2025/10/31 10:00:00 PM,BELVEDERE ST between 17TH ST and PARNASSUS AVE,2913000,BELVEDERE ST,RIVOLI ST,17TH ST,both,all-lanes-closed,,2025/10/31 11:00:00 PM,2025/11/01 05:00:00 AM,"LINESTRING (-122.44797463 37.762684474, -122.447780352 37.761726419)",2025/10/28 12:01:50 AM,2025/10/28 01:06:37 PM,2025/10/28 12:01:50 AM,2025/10/28 12:01:50 AM
15543360,1308605,Waller St Halloween,Waller Street Halloween,Pierce Street between Haight and Start: 1-99 block,Special Event,Permitted,Oct. 31,5:00 PM,2025/10/31 05:00:00 PM,2025/10/31,9:00 PM,2025/10/31 09:00:00 PM,PIERCE ST between HAIGHT ST and START: 1-99 BLOCK,10418000,PIERCE ST,WALLER ST,HAIGHT ST,both,all-lanes-closed,,2025/11/01 12:00:00 AM,2025/11/01 04:00:00 AM,"LINESTRING (-122.43354716 37.770755232, -122.433734773 37.771688274)",2025/10/28 12:01:50 AM,2025/10/28 01:06:37 PM,2025/10/28 12:01:50 AM,2025/10/28 12:01:50 AM
15543861,1244947,Leavenworth Street Halloween,Leavenworth Street Halloween,Leavenworth Street between Lombard and Filbert streets,Special Event,Permitted,Oct. 31,5:00 PM,2025/10/31 05:00:00 PM,2025/10/31,10:00 PM,2025/10/31 10:00:00 PM,LEAVENWORTH ST between LOMBARD ST and FILBERT ST,8267000,LEAVENWORTH ST,GREENWICH ST,LURMONT TER,both,all-lanes-closed,,2025/11/01 12:00:00 AM,2025/11/01 05:00:00 AM,"LINESTRING (-122.417798643 37.801267348, -122.417877488 37.801706751)",2025/10/28 12:01:50 AM,2025/10/28 01:06:37 PM,2025/10/28 12:01:50 AM,2025/10/28 12:01:50 AM
15543935,1318153,Trick or Treat - Sanchez St,Trick or Treat on Sanchez St,Sanchez Street between 30th and Randall streets,Special Event,Permitted,Oct. 31,5:00 PM,2025/10/31 05:00:00 PM,2025/10/31,9:00 PM,2025/10/31 09:00:00 PM,SANCHEZ ST between 30TH ST and RANDALL ST,11541000,SANCHEZ ST,30TH ST,RANDALL ST,both,all-lanes-closed,,2025/11/01 12:00:00 AM,2025/11/01 04:00:00 AM,"LINESTRING (-122.428911417 37.741952911, -122.428736128 37.740121826)",2025/10/28 12:01:50 AM,2025/10/28 01:06:37 PM,2025/10/28 12:01:50 AM,2025/10/28 12:01:50 AM
15544068,1348088,Block Party - Howlladay Haunt,Howlladay Haunt Block Party,Holladay Avenue between Peralta Avenue and Wright Street,Special Event,Permitted,Oct. 31,4:00 PM,2025/10/31 04:00:00 PM,2025/10/31,9:00 PM,2025/10/31 09:00:00 PM,HOLLADAY AVE between PERALTA AVE and WRIGHT ST,6943102,HOLLADAY AVE,EVE ST,YORK ST,undefined,some-lanes-closed,,2025/10/31 11:00:00 PM,2025/11/01 04:00:00 AM,"LINESTRING (-122.404991736 37.747600341, -122.404992966 37.747529738, -122.40505922 37.747143051, -122.405169835 37.746528537, -122.405213959 37.746474147)",2025/10/28 12:01:50 AM,2025/10/28 01:06:37 PM,2025/10/28 12:01:50 AM,2025/10/28 12:01:50 AM
15544132,1347757,Block Party - Shrader St Halloween,Shrader St Halloween Block Party,Shrader Street between Frederick and Beulah streets,Special Event,Permitted,Oct. 31,3:00 PM,2025/10/31 03:00:00 PM,2025/10/31,10:00 PM,2025/10/31 10:00:00 PM,SHRADER ST between FREDERICK ST and BEULAH ST,11858000,SHRADER ST,BEULAH ST,FREDERICK ST,both,all-lanes-closed,,2025/10/31 10:00:00 PM,2025/11/01 05:00:00 AM,"LINESTRING (-122.451487264 37.767517857, -122.451295534 37.766591503)",2025/10/28 12:01:50 AM,2025/10/28 01:06:37 PM,2025/10/28 12:01:50 AM,2025/10/28 12:01:50 AM
15544380,1349161,Trick or Treat - Slow Hearst Halloween,Slow Hearst Halloween,Hearst Avenue between Edna and Congo streets,Special Event,Permitted,Oct. 31,4:00 PM,2025/10/31 04:00:00 PM,2025/10/31,8:00 PM,2025/10/31 08:00:00 PM,HEARST AVE between EDNA ST and CONGO ST,6864000,HEARST AVE,DETROIT ST,EDNA ST,both,all-lanes-closed,,2025/10/31 11:00:00 PM,2025/11/01 03:00:00 AM,"LINESTRING (-122.444298409 37.730708221, -122.446573476 37.730699251)",2025/10/28 12:01:50 AM,2025/10/28 01:06:37 PM,2025/10/28 12:01:50 AM,2025/10/28 12:01:50 AM
15544540,1254240,Halloween on Cortland,Halloween on Cortland,Cortland Avenue between Bennington and Gates streets,Special Event,Permitted,Oct. 31,4:30 PM,2025/10/31 04:30:00 PM,2025/10/31,8:30 PM,2025/10/31 08:30:00 PM,CORTLAND AVE between BENNINGTON ST and GATES ST,4429000,CORTLAND AVE,ELLSWORTH ST,GATES ST,both,all-lanes-closed,,2025/10/31 11:30:00 PM,2025/11/01 03:30:00 AM,"LINESTRING (-122.414558859 37.738881489, -122.413937708 37.738930424)",2025/10/28 12:01:50 AM,2025/10/28 01:06:37 PM,2025/10/28 12:01:50 AM,2025/10/28 12:01:50 AM
15545273,1313253,Jordan Park Halloween,Jordan Park Halloween,Jordan Avenue between Euclid Avenue and Geary Boulevard,Special Event,Permitted,Oct. 31,4:00 PM,2025/10/31 04:00:00 PM,2025/10/31,10:00 PM,2025/10/31 10:00:00 PM,JORDAN AVE between EUCLID AVE and GEARY BLVD,7617000,JORDAN AVE,EUCLID AVE,GEARY BLVD,both,all-lanes-closed,,2025/10/31 11:00:00 PM,2025/11/01 05:00:00 AM,"LINESTRING (-122.45681322 37.783928912, -122.456629211 37.781439142)",2025/10/28 12:01:50 AM,2025/10/28 01:06:37 PM,2025/10/28 12:01:50 AM,2025/10/28 12:01:50 AM
15545727,1287530,Block Party - 45th Avenue Halloween,45th Avenue Halloween Block Party,45th Avenue between Pacheco and Quintara streets,Special Event,Permitted,Oct. 31,4:00 PM,2025/10/31 04:00:00 PM,2025/10/31,11:00 PM,2025/10/31 11:00:00 PM,45TH AVE between PACHECO ST and QUINTARA ST,2006000,45TH AVE,PACHECO ST,QUINTARA ST,both,all-lanes-closed,,2025/10/31 11:00:00 PM,2025/11/01 06:00:00 AM,"LINESTRING (-122.504073708 37.74928242, -122.503941818 37.747414803)",2025/10/28 12:01:50 AM,2025/10/28 01:06:37 PM,2025/10/28 12:01:50 AM,2025/10/28 12:01:50 AM
15547036,1370374,Trick or Treat - Otsego Ave,Trick or Treat on Otsego Ave,Otsego Avenue between Santa Ysabel and San Juan avenues,Special Event,Permitted,Oct. 31,5:00 PM,2025/10/31 05:00:00 PM,2025/10/31,10:00 PM,2025/10/31 10:00:00 PM,OTSEGO AVE between SANTA YSABEL AVE and SAN JUAN AVE,10049000,OTSEGO AVE,SANTA YSABEL AVE,SAN JUAN AVE,both,all-lanes-closed,,2025/11/01 12:00:00 AM,2025/11/01 05:00:00 AM,"LINESTRING (-122.438791727 37.727211218, -122.439617477 37.725965421)",2025/10/28 12:01:50 AM,2025/10/28 01:06:37 PM,2025/10/28 12:01:50 AM,2025/10/28 12:01:50 AM
15547269,1368963,Trick-or-Treat - 28th Ave,Trick or Treat on 28th Ave,28th Avenue between Lincoln Way and Irving Street,Special Event,Permitted,Oct. 31,4:00 PM,2025/10/31 04:00:00 PM,2025/10/31,10:00 PM,2025/10/31 10:00:00 PM,28TH AVE between LINCOLN WAY and IRVING ST,1583000,28TH AVE,LINCOLN WAY,IRVING ST,both,all-lanes-closed,,2025/10/31 11:00:00 PM,2025/11/01 05:00:00 AM,"LINESTRING (-122.486902421 37.76501891, -122.486770426 37.763136867)",2025/10/28 12:01:50 AM,2025/10/28 01:06:37 PM,2025/10/28 12:01:50 AM,2025/10/28 12:01:50 AM
15547485,1329247,Sunset Trick-or-Treat,Sunset Trick or Treat,36th Avenue between Taraval and Santiago streets,Special Event,Permitted,Oct. 31,1:00 PM,2025/10/31 01:00:00 PM,2025/10/31,11:59 PM,2025/10/31 11:59:00 PM,36TH AVE between TARAVAL ST and SANTIAGO ST,1813000,36TH AVE,SANTIAGO ST,TARAVAL ST,both,all-lanes-closed,,2025/10/31 08:00:00 PM,2025/11/01 06:59:00 AM,"LINESTRING (-122.494038473 37.744115445, -122.493907039 37.742248653)",2025/10/28 12:01:50 AM,2025/10/28 01:06:37 PM,2025/10/28 12:01:50 AM,2025/10/28 12:01:50 AM
15548193,1368303,Trick or Treat - Randall St 2025,Trick or Treat on Randall Street,Randall Street between Whitney and Sanchez streets,Special Event,Permitted,Oct. 31,4:00 PM,2025/10/31 04:00:00 PM,2025/10/31,10:00 PM,2025/10/31 10:00:00 PM,RANDALL ST between WHITNEY ST and SANCHEZ ST,10912000,RANDALL ST,WHITNEY ST,WHITNEY ST,both,all-lanes-closed,,2025/10/31 11:00:00 PM,2025/11/01 05:00:00 AM,"LINESTRING (-122.427652222 37.739668399, -122.427914896 37.739652404)",2025/10/28 12:01:50 AM,2025/10/28 01:06:37 PM,2025/10/28 12:01:50 AM,2025/10/28 12:01:50 AM
15548982,1320992,Trick or Treat - Randall Street,Trick or Treat on Randall Street,Randall Street between Sanchez and Harper streets,Special Event,Permitted,Oct. 31,4:00 PM,2025/10/31 04:00:00 PM,2025/10/31,9:00 PM,2025/10/31 09:00:00 PM,RANDALL ST between SANCHEZ ST and HARPER ST,10914000,RANDALL ST,SANCHEZ ST,HARPER ST,both,all-lanes-closed,,2025/10/31 11:00:00 PM,2025/11/01 04:00:00 AM,"LINESTRING (-122.428736128 37.740121826, -122.429840275 37.740752944)",2025/10/28 12:01:50 AM,2025/10/28 01:06:37 PM,2025/10/28 12:01:50 AM,2025/10/28 12:01:50 AM
15550231,1335260,Castro Night Market October - Halloween,Castro Halloween Night Market,18th Street between Noe and Hartford streets,Special Event,Permitted,Oct. 31,11:00 AM,2025/10/31 11:00:00 AM,2025/10/31,11:59 PM,2025/10/31 11:59:00 PM,18TH ST between NOE ST and HARTFORD ST,890000,18TH ST,NOE ST,HARTFORD ST,both,all-lanes-closed,,2025/10/31 06:00:00 PM,2025/11/01 06:59:00 AM,"LINESTRING (-122.432793505 37.761021311, -122.433903579 37.760954739)",2025/10/28 12:01:50 AM,2025/10/28 01:06:37 PM,2025/10/28 12:01:50 AM,2025/10/28 12:01:50 AM
15550640,1369380,Trick or Treat - Avila Street,Trick or Treat on Avila Street,Avila Street between Chestnut and Prado streets,Special Event,Permitted,Oct. 31,4:00 PM,2025/10/31 04:00:00 PM,2025/10/31,9:00 PM,2025/10/31 09:00:00 PM,AVILA ST between CHESTNUT ST and PRADO ST,2568000,AVILA ST,ALHAMBRA ST,CAPRA WAY,both,all-lanes-closed,,2025/10/31 11:00:00 PM,2025/11/01 04:00:00 AM,"LINESTRING (-122.440508602 37.801281321, -122.440780072 37.802618613)",2025/10/28 12:01:50 AM,2025/10/28 01:06:37 PM,2025/10/28 12:01:50 AM,2025/10/28 12:01:50 AM
15551214,1244947,Leavenworth Street Halloween,Leavenworth Street Halloween,Leavenworth Street between Lombard and Filbert streets,Special Event,Permitted,Oct. 31,5:00 PM,2025/10/31 05:00:00 PM,2025/10/31,10:00 PM,2025/10/31 10:00:00 PM,LEAVENWORTH ST between LOMBARD ST and FILBERT ST,8266000,LEAVENWORTH ST,FILBERT ST,GREENWICH ST,both,all-lanes-closed,,2025/11/01 12:00:00 AM,2025/11/01 05:00:00 AM,"LINESTRING (-122.417586974 37.800340792, -122.417798643 37.801267348)",2025/10/28 12:01:50 AM,2025/10/28 01:06:37 PM,2025/10/28 12:01:50 AM,2025/10/28 12:01:50 AM
15551249,1254240,Halloween on Cortland,Halloween on Cortland,Moultrie Street between Cortland and Eugenia avenues,Special Event,Permitted,Oct. 31,4:30 PM,2025/10/31 04:30:00 PM,2025/10/31,8:30 PM,2025/10/31 08:30:00 PM,MOULTRIE ST between CORTLAND AVE and EUGENIA AVE,9414000,MOULTRIE ST,EUGENIA AVE,CORTLAND AVE,undefined,all-lanes-closed,,2025/10/31 11:30:00 PM,2025/11/01 03:30:00 AM,"LINESTRING (-122.415787891 37.740406879, -122.41589948 37.73900187)",2025/10/28 12:01:50 AM,2025/10/28 01:06:37 PM,2025/10/28 12:01:50 AM,2025/10/28 12:01:50 AM
15551338,1370416,Nightmare on Front Street,Nightmare on Front Street,Halleck Street between Battery and Front streets,Special Event,Permitted,Oct. 31,12:00 PM,2025/10/31 12:00:00 PM,2025/11/01,1:00 AM,2025/11/01 01:00:00 AM,HALLECK ST between BATTERY ST and FRONT ST,6631000,HALLECK ST,FRONT ST,BATTERY ST,undefined,all-lanes-closed,,2025/10/31 07:00:00 PM,2025/11/01 08:00:00 AM,"LINESTRING (-122.398880419 37.793843681, -122.40005826 37.793693588)",2025/10/28 12:01:50 AM,2025/10/28 01:06:37 PM,2025/10/28 12:01:50 AM,2025/10/28 12:01:50 AM
15551341,1316805,Block Party ��� 43rd Avenue Halloween,43rd Avenue Halloween Block Party,43rd Avenue between Judah and Kirkham streets,Special Event,Permitted,Oct. 31,2:00 PM,2025/10/31 02:00:00 PM,2025/10/31,11:00 PM,2025/10/31 11:00:00 PM,43RD AVE between JUDAH ST and KIRKHAM ST,1956000,43RD AVE,JUDAH ST,KIRKHAM ST,both,all-lanes-closed,,2025/10/31 09:00:00 PM,2025/11/01 06:00:00 AM,"LINESTRING (-122.502712988 37.760566533, -122.502581702 37.758700162)",2025/10/28 12:01:50 AM,2025/10/28 01:06:37 PM,2025/10/28 12:01:50 AM,2025/10/28 12:01:50 AM
15552040,1297651,Block Party - Dellbrook Ave Halloween,Dellbrook Ave Halloween Block Party,Dellbrook Avenue on Olympia way,Special Event,Permitted,Oct. 31,5:30 PM,2025/10/31 05:30:00 PM,2025/10/31,8:30 PM,2025/10/31 08:30:00 PM,DELLBROOK AVE between OLYMPIA WAY and OLYMPIA WAY,4689000,DELLBROOK AVE,OLYMPIA WAY,STARVIEW WAY,both,all-lanes-closed,,2025/11/01 12:30:00 AM,2025/11/01 03:30:00 AM,"LINESTRING (-122.454392317 37.75127892, -122.454406361 37.751181527, -122.454323786 37.75102466, -122.454119098 37.750823126, -122.454036532 37.750634198, -122.45401689 37.74999928, -122.45404323 37.749769968, -122.45415211 37.749434193, -122.454171657 37.749045487, -122.454080606 37.748972223, -122.453140102 37.748969802, -122.45308501 37.749029165, -122.453077083 37.749344714)",2025/10/28 12:01:50 AM,2025/10/28 01:06:37 PM,2025/10/28 12:01:50 AM,2025/10/28 12:01:50 AM
15552589,1370374,Trick or Treat - Otsego Ave,Trick or Treat on Otsego Ave,Otsego Avenue between San Juan and Santa Ynez avenues,Special Event,Permitted,Oct. 31,5:00 PM,2025/10/31 05:00:00 PM,2025/10/31,10:00 PM,2025/10/31 10:00:00 PM,OTSEGO AVE between SAN JUAN AVE and SANTA YNEZ AVE,10050000,OTSEGO AVE,SAN JUAN AVE,SANTA YNEZ AVE,both,all-lanes-closed,,2025/11/01 12:00:00 AM,2025/11/01 05:00:00 AM,"LINESTRING (-122.439617477 37.725965421, -122.439912605 37.725534447, -122.44008254 37.725205691, -122.440316502 37.724681409)",2025/10/28 12:01:50 AM,2025/10/28 01:06:37 PM,2025/10/28 12:01:50 AM,2025/10/28 12:01:50 AM
15552716,1369380,Trick or Treat - Avila Street,Trick or Treat on Avila Street,Avila Street between Chestnut and Prado streets,Special Event,Permitted,Oct. 31,4:00 PM,2025/10/31 04:00:00 PM,2025/10/31,9:00 PM,2025/10/31 09:00:00 PM,AVILA ST between CHESTNUT ST and PRADO ST,2569000,AVILA ST,CAPRA WAY,BEACH ST,both,all-lanes-closed,,2025/10/31 11:00:00 PM,2025/11/01 04:00:00 AM,"LINESTRING (-122.440780072 37.802618613, -122.441031574 37.803857503)",2025/10/28 12:01:50 AM,2025/10/28 01:06:37 PM,2025/10/28 12:01:50 AM,2025/10/28 12:01:50 AM
15553047,1254240,Halloween on Cortland,Halloween on Cortland,Anderson Street between Eugenia and Jarboe Avenue,Special Event,Permitted,Oct. 31,4:30 PM,2025/10/31 04:30:00 PM,2025/10/31,8:30 PM,2025/10/31 08:30:00 PM,ANDERSON ST between EUGENIA AVE and JARBOE AVE,2269000,ANDERSON ST,EUGENIA AVE,CORTLAND AVE,undefined,all-lanes-closed,,2025/10/31 11:30:00 PM,2025/11/01 03:30:00 AM,"LINESTRING (-122.415168776 37.740376978, -122.415277831 37.738991235, -122.415183627 37.738932913)",2025/10/28 12:01:50 AM,2025/10/28 01:06:37 PM,2025/10/28 12:01:50 AM,2025/10/28 12:01:50 AM
15553322,1308605,Waller St Halloween,Waller Street Halloween,Waller Street between Steiner and Scott streets,Special Event,Permitted,Oct. 31,5:00 PM,2025/10/31 05:00:00 PM,2025/10/31,9:00 PM,2025/10/31 09:00:00 PM,WALLER ST between STEINER ST and SCOTT ST,13366000,WALLER ST,CARMELITA ST,SCOTT ST,both,all-lanes-closed,,2025/11/01 12:00:00 AM,2025/11/01 04:00:00 AM,"LINESTRING (-122.434404513 37.770646049, -122.435184079 37.77054808)",2025/10/28 12:01:50 AM,2025/10/28 01:06:37 PM,2025/10/28 12:01:50 AM,2025/10/28 12:01:50 AM
15553852,1285746,Chenery Halloween 2025,Chenery Halloween 2025,Chenery Street between Elk and Diamond streets,Special Event,Permitted,Oct. 31,4:00 PM,2025/10/31 04:00:00 PM,2025/10/31,9:30 PM,2025/10/31 09:30:00 PM,CHENERY ST between ELK ST and DIAMOND ST,3932000,CHENERY ST,BURNSIDE AVE,MIZPAH ST,both,all-lanes-closed,,2025/10/31 11:00:00 PM,2025/11/01 04:30:00 AM,"LINESTRING (-122.43807771 37.735416252, -122.438821245 37.735669449)",2025/10/28 12:01:50 AM,2025/10/28 01:06:37 PM,2025/10/28 12:01:50 AM,2025/10/28 12:01:50 AM
15554349,1285746,Chenery Halloween 2025,Chenery Halloween 2025,Chenery Street between Elk and Diamond streets,Special Event,Permitted,Oct. 31,4:00 PM,2025/10/31 04:00:00 PM,2025/10/31,9:30 PM,2025/10/31 09:30:00 PM,CHENERY ST between ELK ST and DIAMOND ST,3931000,CHENERY ST,CHILTON AVE,BURNSIDE AVE,both,all-lanes-closed,,2025/10/31 11:00:00 PM,2025/11/01 04:30:00 AM,"LINESTRING (-122.436399821 37.734909712, -122.436604194 37.734929611, -122.43807771 37.735416252)",2025/10/28 12:01:50 AM,2025/10/28 01:06:37 PM,2025/10/28 12:01:50 AM,2025/10/28 12:01:50 AM
15554359,1365839,La Scuola Halloween Celebration,La Scuola Halloween Celebration,Tennessee Street between 20th and 19th streets,Special Event,Permitted,Oct. 31,7:00 AM,2025/10/31 07:00:00 AM,2025/10/31,12:00 PM,2025/10/31 12:00:00 PM,TENNESSEE ST between 20TH ST and 19TH ST,12484000,TENNESSEE ST,19TH ST,20TH ST,both,all-lanes-closed,,2025/10/31 02:00:00 PM,2025/10/31 07:00:00 PM,"LINESTRING (-122.389607731 37.761710649, -122.389485813 37.760435278)",2025/10/28 12:01:50 AM,2025/10/28 01:06:37 PM,2025/10/28 12:01:50 AM,2025/10/28 12:01:50 AM
15554682,1313253,Jordan Park Halloween,Jordan Park Halloween,Commonwealth Avenue between California Street and Euclid Avenue,Special Event,Permitted,Oct. 31,4:00 PM,2025/10/31 04:00:00 PM,2025/10/31,10:00 PM,2025/10/31 10:00:00 PM,COMMONWEALTH AVE between CALIFORNIA ST and EUCLID AVE,4316000,COMMONWEALTH AVE,CALIFORNIA ST,EUCLID AVE,both,all-lanes-closed,,2025/10/31 11:00:00 PM,2025/11/01 05:00:00 AM,"LINESTRING (-122.455865116 37.786104708, -122.455711327 37.783978891)",2025/10/28 12:01:50 AM,2025/10/28 01:06:37 PM,2025/10/28 12:01:50 AM,2025/10/28 12:01:50 AM
15554846,1349161,Trick or Treat - Slow Hearst Halloween,Slow Hearst Halloween,Hearst Avenue between Edna and Congo streets,Special Event,Permitted,Oct. 31,4:00 PM,2025/10/31 04:00:00 PM,2025/10/31,8:00 PM,2025/10/31 08:00:00 PM,HEARST AVE between EDNA ST and CONGO ST,6863000,HEARST AVE,CONGO ST,DETROIT ST,both,all-lanes-closed,,2025/10/31 11:00:00 PM,2025/11/01 03:00:00 AM,"LINESTRING (-122.442015664 37.730721768, -122.444298409 37.730708221)",2025/10/28 12:01:50 AM,2025/10/28 01:06:37 PM,2025/10/28 12:01:50 AM,2025/10/28 12:01:50 AM
15555329,1297651,Block Party - Dellbrook Ave Halloween,Dellbrook Ave Halloween Block Party,Dellbrook Avenue on Olympia way,Special Event,Permitted,Oct. 31,5:30 PM,2025/10/31 05:30:00 PM,2025/10/31,8:30 PM,2025/10/31 08:30:00 PM,DELLBROOK AVE between OLYMPIA WAY and OLYMPIA WAY,4690000,DELLBROOK AVE,STARVIEW WAY,OLYMPIA WAY,both,all-lanes-closed,,2025/11/01 12:30:00 AM,2025/11/01 03:30:00 AM,"LINESTRING (-122.453077083 37.749344714, -122.453130376 37.74952353, -122.453142514 37.749649443, -122.453157615 37.750335818, -122.45314598 37.750564885, -122.453094575 37.750848327, -122.453011241 37.751148647, -122.45292933 37.751214771)",2025/10/28 12:01:50 AM,2025/10/28 01:06:37 PM,2025/10/28 12:01:50 AM,2025/10/28 12:01:50 AM
15555378,1244947,Leavenworth Street Halloween,Leavenworth Street Halloween,Leavenworth Street between Lombard and Filbert streets,Special Event,Permitted,Oct. 31,5:00 PM,2025/10/31 05:00:00 PM,2025/10/31,10:00 PM,2025/10/31 10:00:00 PM,LEAVENWORTH ST between LOMBARD ST and FILBERT ST,8268000,LEAVENWORTH ST,LURMONT TER,LOMBARD ST,both,all-lanes-closed,,2025/11/01 12:00:00 AM,2025/11/01 05:00:00 AM,"LINESTRING (-122.417877488 37.801706751, -122.417966229 37.802201309)",2025/10/28 12:01:50 AM,2025/10/28 01:06:37 PM,2025/10/28 12:01:50 AM,2025/10/28 12:01:50 AM
15556081,1336287,Trick or Treat - Fair Oaks,Trick or Treat or Fair Oaks,Fair Oaks Street between 22nd and 23rd streets,Special Event,Permitted,Oct. 31,5:00 PM,2025/10/31 05:00:00 PM,2025/10/31,8:30 PM,2025/10/31 08:30:00 PM,FAIR OAKS ST between 22ND ST and 23RD ST,5382000,FAIR OAKS ST,22ND ST,23RD ST,both,all-lanes-closed,,2025/11/01 12:00:00 AM,2025/11/01 03:30:00 AM,"LINESTRING (-122.424289762 37.755105763, -122.424136235 37.753503075)",2025/10/28 12:01:50 AM,2025/10/28 01:06:37 PM,2025/10/28 12:01:50 AM,2025/10/28 12:01:50 AM
15556107,1380646,Trick-or-Treat - Shotwell 2025,Trick or Treat on Shotwell,Shotwell Street between 22nd and 21st streets,Special Event,Permitted,Oct. 31,1:30 PM,2025/10/31 01:30:00 PM,2025/10/31,10:00 PM,2025/10/31 10:00:00 PM,SHOTWELL ST between 22ND ST and 21ST ST,11839000,SHOTWELL ST,21ST ST,22ND ST,both,all-lanes-closed,,2025/10/31 08:30:00 PM,2025/11/01 05:00:00 AM,"LINESTRING (-122.415626197 37.757232409, -122.415473275 37.755634108)",2025/10/28 12:01:50 AM,2025/10/28 01:06:37 PM,2025/10/28 12:01:50 AM,2025/10/28 12:01:50 AM
15556324,1313253,Jordan Park Halloween,Jordan Park Halloween,Commonwealth Avenue between Euclid Avenue and Geary Boulevard,Special Event,Permitted,Oct. 31,4:00 PM,2025/10/31 04:00:00 PM,2025/10/31,10:00 PM,2025/10/31 10:00:00 PM,COMMONWEALTH AVE between EUCLID AVE and GEARY BLVD,4317000,COMMONWEALTH AVE,EUCLID AVE,GEARY BLVD,both,all-lanes-closed,,2025/10/31 11:00:00 PM,2025/11/01 05:00:00 AM,"LINESTRING (-122.455711327 37.783978891, -122.455523985 37.78143114)",2025/10/28 12:01:50 AM,2025/10/28 01:06:37 PM,2025/10/28 12:01:50 AM,2025/10/28 12:01:50 AM
15556551,1363048,Trick or Treat - 42nd Ave Halloween,Trick or Treat on 42nd Ave Halloween,42nd Avenue between Lincoln Way and Irving Street,Special Event,Permitted,Oct. 31,5:00 PM,2025/10/31 05:00:00 PM,2025/10/31,9:00 PM,2025/10/31 09:00:00 PM,42ND AVE between LINCOLN WAY and IRVING ST,1932000,42ND AVE,LINCOLN WAY,IRVING ST,both,all-lanes-closed,,2025/11/01 12:00:00 AM,2025/11/01 04:00:00 AM,"LINESTRING (-122.501900726 37.764360773, -122.501770514 37.762474674)",2025/10/28 12:01:50 AM,2025/10/28 01:06:37 PM,2025/10/28 12:01:50 AM,2025/10/28 12:01:50 AM
15556863,1349088,Trick or Treat - Iris Ave,Trick or Treat on Iris Ave,Iris Avenue between Mayfair Drive and Euclid Avenue,Special Event,Permitted,Oct. 31,3:00 PM,2025/10/31 03:00:00 PM,2025/10/31,10:00 PM,2025/10/31 10:00:00 PM,IRIS AVE between MAYFAIR DR and EUCLID AVE,7274000,IRIS AVE,MAYFAIR DR,EUCLID AVE,both,all-lanes-closed,,2025/10/31 10:00:00 PM,2025/11/01 05:00:00 AM,"LINESTRING (-122.452069955 37.785871705, -122.452048191 37.7853625, -122.452002678 37.784912248, -122.451875437 37.784126742)",2025/10/28 12:01:50 AM,2025/10/28 01:06:37 PM,2025/10/28 12:01:50 AM,2025/10/28 12:01:50 AM
15557438,1368918,Trick-or-Treat - Slow Lake Halloween!,Slow Lake Halloween,Lake Street between 6th and 7th avenues,Special Event,Permitted,Oct. 31,3:30 PM,2025/10/31 03:30:00 PM,2025/10/31,9:00 PM,2025/10/31 09:00:00 PM,LAKE ST between 6TH AVE and 7TH AVE,8014000,LAKE ST,6TH AVE,TH AVE,both,all-lanes-closed,,2025/10/31 10:30:00 PM,2025/11/01 04:00:00 AM,"LINESTRING (-122.464693461 37.786670438, -122.465760339 37.786627327)",2025/10/28 12:01:50 AM,2025/10/28 01:06:37 PM,2025/10/28 12:01:50 AM,2025/10/28 12:01:50 AM
15557847,1336287,Trick or Treat - Fair Oaks,Trick or Treat on Fair Oaks,Fair Oaks Street between 25th and 26th streets,Special Event,Permitted,Oct. 31,5:00 PM,2025/10/31 05:00:00 PM,2025/10/31,8:30 PM,2025/10/31 08:30:00 PM,FAIR OAKS ST between 25TH ST and 26TH ST,5385000,FAIR OAKS ST,25TH ST,26TH ST,both,all-lanes-closed,,2025/11/01 12:00:00 AM,2025/11/01 03:30:00 AM,"LINESTRING (-122.423829852 37.750304483, -122.42367722 37.74871093)",2025/10/28 12:01:50 AM,2025/10/28 01:06:37 PM,2025/10/28 12:01:50 AM,2025/10/28 12:01:50 AM
15557854,1380780,Trick-or-Treat - 12th Ave,Trick or Treat 12th Ave,12th Avenue between Irving Street and Lincoln Way,Special Event,Permitted,Oct. 31,3:00 PM,2025/10/31 03:00:00 PM,2025/10/31,9:00 PM,2025/10/31 09:00:00 PM,12TH AVE between IRVING ST and LINCOLN WAY,527000,12TH AVE,LINCOLN WAY,IRVING ST,both,all-lanes-closed,,2025/10/31 10:00:00 PM,2025/11/01 04:00:00 AM,"LINESTRING (-122.469653849 37.765782671, -122.469521964 37.763895944)",2025/10/28 12:01:50 AM,2025/10/28 01:06:37 PM,2025/10/28 12:01:50 AM,2025/10/28 12:01:50 AM
15558022,1346728,River of Life Halloween Block Party,River of Life Halloween Block Party,Sunnydale Avenue between Hahn and Sawyer streets,Special Event,Permitted,Oct. 31,1:00 PM,2025/10/31 01:00:00 PM,2025/10/31,11:00 PM,2025/10/31 11:00:00 PM,SUNNYDALE AVE between HAHN ST and SAWYER ST,12266000,SUNNYDALE AVE,SAWYER ST,HAHN ST,both,all-lanes-closed,,2025/10/31 08:00:00 PM,2025/11/01 06:00:00 AM,"LINESTRING (-122.415080545 37.711655034, -122.41600028 37.711914556)",2025/10/28 12:01:50 AM,2025/10/28 01:06:37 PM,2025/10/28 12:01:50 AM,2025/10/28 12:01:50 AM
15558400,1308605,Waller St Halloween,Waller Street Halloween,Waller Street between Steiner and Scott streets,Special Event,Permitted,Oct. 31,5:00 PM,2025/10/31 05:00:00 PM,2025/10/31,9:00 PM,2025/10/31 09:00:00 PM,WALLER ST between STEINER ST and SCOTT ST,13365000,WALLER ST,PIERCE ST,CARMELITA ST,both,all-lanes-closed,,2025/11/01 12:00:00 AM,2025/11/01 04:00:00 AM,"LINESTRING (-122.43354716 37.770755232, -122.434404513 37.770646049)",2025/10/28 12:01:50 AM,2025/10/28 01:06:37 PM,2025/10/28 12:01:50 AM,2025/10/28 12:01:50 AM
15558591,1369380,Trick or Treat - Avila Street,Trick or Treat on Avila Street,Avila Street between Chestnut and Prado streets,Special Event,Permitted,Oct. 31,4:00 PM,2025/10/31 04:00:00 PM,2025/10/31,9:00 PM,2025/10/31 09:00:00 PM,AVILA ST between CHESTNUT ST and PRADO ST,2570000,AVILA ST,BEACH ST,PRADO ST,both,all-lanes-closed,,2025/10/31 11:00:00 PM,2025/11/01 04:00:00 AM,"LINESTRING (-122.441031574 37.803857503, -122.44119623 37.804668567)",2025/10/28 12:01:50 AM,2025/10/28 01:06:37 PM,2025/10/28 12:01:50 AM,2025/10/28 12:01:50 AM
15558901,1368303,Trick or Treat - Randall St 2025,Trick or Treat on Randall Street,Randall Street between Whitney and Sanchez streets,Special Event,Permitted,Oct. 31,4:00 PM,2025/10/31 04:00:00 PM,2025/10/31,10:00 PM,2025/10/31 10:00:00 PM,RANDALL ST between WHITNEY ST and SANCHEZ ST,10913000,RANDALL ST,WHITNEY ST,SANCHEZ ST,both,all-lanes-closed,,2025/10/31 11:00:00 PM,2025/11/01 05:00:00 AM,"LINESTRING (-122.427914896 37.739652404, -122.428736128 37.740121826)",2025/10/28 12:01:50 AM,2025/10/28 01:06:37 PM,2025/10/28 12:01:50 AM,2025/10/28 12:01:50 AM
15558920,1364959,Trick or Treat - Belvedere,Trick or Treat on Belvedere,Belvedere Street between 17th Street and Parnassus Avenue,Special Event,Permitted,Oct. 31,4:00 PM,2025/10/31 04:00:00 PM,2025/10/31,10:00 PM,2025/10/31 10:00:00 PM,BELVEDERE ST between 17TH ST and PARNASSUS AVE,2912000,BELVEDERE ST,ALMA ST,RIVOLI ST,both,all-lanes-closed,,2025/10/31 11:00:00 PM,2025/11/01 05:00:00 AM,"LINESTRING (-122.448109436 37.763367232, -122.44797463 37.762684474)",2025/10/28 12:01:50 AM,2025/10/28 01:06:37 PM,2025/10/28 12:01:50 AM,2025/10/28 12:01:50 AM
15559528,1254240,Halloween on Cortland,Halloween on Cortland,Cortland Avenue between Bennington and Gates streets,Special Event,Permitted,Oct. 31,4:30 PM,2025/10/31 04:30:00 PM,2025/10/31,8:30 PM,2025/10/31 08:30:00 PM,CORTLAND AVE between BENNINGTON ST and GATES ST,4427000,CORTLAND AVE,MOULTRIE ST,ANDERSON ST,both,all-lanes-closed,,2025/10/31 11:30:00 PM,2025/11/01 03:30:00 AM,"LINESTRING (-122.41589948 37.73900187, -122.415183627 37.738932913)",2025/10/28 12:01:50 AM,2025/10/28 01:06:37 PM,2025/10/28 12:01:50 AM,2025/10/28 12:01:50 AM
15559546,1261853,Terrace Drive Halloween,Terrace Drive Halloween,Terrace Drive between Portola Drive and Santa Clara avenue,Special Event,Permitted,Oct. 31,2:00 PM,2025/10/31 02:00:00 PM,2025/10/31,10:00 PM,2025/10/31 10:00:00 PM,TERRACE DR between PORTOLA DR and SANTA CLARA AVE,12527000,TERRACE DR,PORTOLA DR,SANTA CLARA AVE,both,all-lanes-closed,,2025/10/31 09:00:00 PM,2025/11/01 05:00:00 AM,"LINESTRING (-122.46751024 37.737947662, -122.466713304 37.737733611, -122.46627929 37.737592362, -122.465715461 37.737392308)",2025/10/28 12:01:50 AM,2025/10/28 01:06:37 PM,2025/10/28 12:01:50 AM,2025/10/28 12:01:50 AM
15559598,1335260,Castro Night Market October - Halloween,Castro Halloween Night Market,18th Street between Hartford and Castro streets,Special Event,Permitted,Oct. 31,11:00 AM,2025/10/31 11:00:00 AM,2025/10/31,11:59 PM,2025/10/31 11:59:00 PM,18TH ST between HARTFORD ST and CASTRO ST,891000,18TH ST,HARTFORD ST,CASTRO ST,both,all-lanes-closed,,2025/10/31 06:00:00 PM,2025/11/01 06:59:00 AM,"LINESTRING (-122.433903579 37.760954739, -122.435000702 37.760888933)",2025/10/28 12:01:50 AM,2025/10/28 01:06:37 PM,2025/10/28 12:01:50 AM,2025/10/28 12:01:50 AM
15559792,1254240,Halloween on Cortland,Halloween on Cortland,Cortland Avenue between Bennington and Gates streets,Special Event,Permitted,Oct. 31,4:30 PM,2025/10/31 04:30:00 PM,2025/10/31,8:30 PM,2025/10/31 08:30:00 PM,CORTLAND AVE between BENNINGTON ST and GATES ST,4428000,CORTLAND AVE,ANDERSON ST,ELLSWORTH ST,both,all-lanes-closed,,2025/10/31 11:30:00 PM,2025/11/01 03:30:00 AM,"LINESTRING (-122.415183627 37.738932913, -122.41466598 37.738882852, -122.414558859 37.738881489)",2025/10/28 12:01:50 AM,2025/10/28 01:06:37 PM,2025/10/28 12:01:50 AM,2025/10/28 12:01:50 AM
15560456,1254240,Halloween on Cortland,Halloween on Cortland,Cortland Avenue between Bennington and Gates streets,Special Event,Permitted,Oct. 31,4:30 PM,2025/10/31 04:30:00 PM,2025/10/31,8:30 PM,2025/10/31 08:30:00 PM,CORTLAND AVE between BENNINGTON ST and GATES ST,4425000,CORTLAND AVE,WOOL ST,ANDOVER ST,both,all-lanes-closed,,2025/10/31 11:30:00 PM,2025/11/01 03:30:00 AM,"LINESTRING (-122.417138819 37.739121438, -122.416519599 37.739061699)",2025/10/28 12:01:50 AM,2025/10/28 01:06:37 PM,2025/10/28 12:01:50 AM,2025/10/28 12:01:50 AM
15560539,1254240,Halloween on Cortland,Halloween on Cortland,Cortland Avenue between Bennington and Gates streets,Special Event,Permitted,Oct. 31,4:30 PM,2025/10/31 04:30:00 PM,2025/10/31,8:30 PM,2025/10/31 08:30:00 PM,CORTLAND AVE between BENNINGTON ST and GATES ST,4424000,CORTLAND AVE,BENNINGTON ST,WOOL ST,both,all-lanes-closed,,2025/10/31 11:30:00 PM,2025/11/01 03:30:00 AM,"LINESTRING (-122.417779081 37.739183666, -122.417138819 37.739121438)",2025/10/28 12:01:50 AM,2025/10/28 01:06:37 PM,2025/10/28 12:01:50 AM,2025/10/28 12:01:50 AM
15560709,1364959,Trick or Treat - Belvedere,Trick or Treat on Belvedere,Belvedere Street between 17th Street and Parnassus Avenue,Special Event,Permitted,Oct. 31,4:00 PM,2025/10/31 04:00:00 PM,2025/10/31,10:00 PM,2025/10/31 10:00:00 PM,BELVEDERE ST between 17TH ST and PARNASSUS AVE,2911000,BELVEDERE ST,GRATTAN ST,ALMA ST,both,all-lanes-closed,,2025/10/31 11:00:00 PM,2025/11/01 05:00:00 AM,"LINESTRING (-122.448273953 37.764196132, -122.448109436 37.763367232)",2025/10/28 12:01:50 AM,2025/10/28 01:06:37 PM,2025/10/28 12:01:50 AM,2025/10/28 12:01:50 AM
15561136,1308605,Waller St Halloween,Waller Street Halloween,Carmelita Street between Waller Street and start: 1-99 block,Special Event,Permitted,Oct. 31,5:00 PM,2025/10/31 05:00:00 PM,2025/10/31,9:00 PM,2025/10/31 09:00:00 PM,CARMELITA ST between WALLER ST and START: 1-99 BLOCK,3703000,CARMELITA ST,START: 1-99 BLOCK,WALLER ST,both,all-lanes-closed,,2025/11/01 12:00:00 AM,2025/11/01 04:00:00 AM,"LINESTRING (-122.434237687 37.769815505, -122.434404513 37.770646049)",2025/10/28 12:01:50 AM,2025/10/28 01:06:37 PM,2025/10/28 12:01:50 AM,2025/10/28 12:01:50 AM
15561586,1308605,Waller St Halloween,Waller Street Halloween,Potomac Street between Waller Street and start: 1-99 block,Special Event,Permitted,Oct. 31,5:00 PM,2025/10/31 05:00:00 PM,2025/10/31,9:00 PM,2025/10/31 09:00:00 PM,POTOMAC ST between WALLER ST and START: 1-99 BLOCK,10657000,POTOMAC ST,START: 1-99 BLOCK,WALLER ST,both,all-lanes-closed,,2025/11/01 12:00:00 AM,2025/11/01 04:00:00 AM,"LINESTRING (-122.432522218 37.769893023, -122.432717263 37.770860911)",2025/10/28 12:01:50 AM,2025/10/28 01:06:37 PM,2025/10/28 12:01:50 AM,2025/10/28 12:01:50 AM
15561697,1308605,Waller St Halloween,Waller Street Halloween,Waller Street between Steiner and Scott streets,Special Event,Permitted,Oct. 31,5:00 PM,2025/10/31 05:00:00 PM,2025/10/31,9:00 PM,2025/10/31 09:00:00 PM,WALLER ST between STEINER ST and SCOTT ST,13364000,WALLER ST,POTOMAC ST,PIERCE ST,both,all-lanes-closed,,2025/11/01 12:00:00 AM,2025/11/01 04:00:00 AM,"LINESTRING (-122.432717263 37.770860911, -122.43354716 37.770755232)",2025/10/28 12:01:50 AM,2025/10/28 01:06:37 PM,2025/10/28 12:01:50 AM,2025/10/28 12:01:50 AM
15561710,1310233,Trick or Treat - 42nd Ave,Trick or Treat on 42nd Ave,42nd Avenue between Judah and Kirkham streets,Special Event,Permitted,Oct. 31,2:00 PM,2025/10/31 02:00:00 PM,2025/10/31,11:00 PM,2025/10/31 11:00:00 PM,42ND AVE between JUDAH ST and KIRKHAM ST,1934000,42ND AVE,JUDAH ST,KIRKHAM ST,both,all-lanes-closed,,2025/10/31 09:00:00 PM,2025/11/01 06:00:00 AM,"LINESTRING (-122.501639646 37.760613955, -122.501505399 37.758747221)",2025/10/28 12:01:50 AM,2025/10/28 01:06:37 PM,2025/10/28 12:01:50 AM,2025/10/28 12:01:50 AM
15562186,1285746,Chenery Halloween 2025,Chenery Halloween 2025,Chenery Street between Elk and Diamond streets,Special Event,Permitted,Oct. 31,4:00 PM,2025/10/31 04:00:00 PM,2025/10/31,9:30 PM,2025/10/31 09:30:00 PM,CHENERY ST between ELK ST and DIAMOND ST,3927000,CHENERY ST,DIAMOND ST,THOR AVE,both,all-lanes-closed,,2025/10/31 11:00:00 PM,2025/11/01 04:30:00 AM,"LINESTRING (-122.433879093 37.734507816, -122.43430354 37.734528942)",2025/10/28 12:01:50 AM,2025/10/28 01:06:37 PM,2025/10/28 12:01:50 AM,2025/10/28 12:01:50 AM